[
    {
        "subtype": "channel_join",
        "user": "U08APB9CD2M",
        "text": "<@U08APB9CD2M> has joined the channel",
        "type": "message",
        "ts": "1738020083.437209"
    },
    {
        "user": "U08APB9CD2M",
        "type": "message",
        "ts": "1738020100.535819",
        "client_msg_id": "c356026f-68ab-47e1-8496-9003f4ea7fea",
        "text": "Hi, it's Ulberto",
        "team": "T08A7R1TRD3",
        "user_team": "T08A7R1TRD3",
        "source_team": "T08A7R1TRD3",
        "user_profile": {
            "avatar_hash": "gb21eaf874d1",
            "image_72": "https:\/\/secure.gravatar.com\/avatar\/b21eaf874d108fa64d7b20e975d80577.jpg?s=72&d=https%3A%2F%2Fa.slack-edge.com%2Fdf10d%2Fimg%2Favatars%2Fava_0024-72.png",
            "first_name": "Ulberto",
            "real_name": "Ulberto Fastmailerson",
            "display_name": "Ulberto Fastmailerson",
            "team": "T08A7R1TRD3",
            "name": "uhgall186",
            "is_restricted": false,
            "is_ultra_restricted": false
        },
        "blocks": [
            {
                "type": "rich_text",
                "block_id": "vvT5K",
                "elements": [
                    {
                        "type": "rich_text_section",
                        "elements": [
                            {
                                "type": "text",
                                "text": "Hi, it's Ulberto"
                            }
                        ]
                    }
                ]
            }
        ]
    }
]