[
    {
        "user": "U08APB9CD2M",
        "type": "message",
        "ts": "1738290784.891369",
        "client_msg_id": "01c2b3e4-f61a-4ce0-8235-08997b55f466",
        "text": "let's try some html tags: &lt;strong&gt;this is strong&lt;\/strong&gt; and some math: 5 &gt; 3",
        "team": "T08A7R1TRD3",
        "user_team": "T08A7R1TRD3",
        "source_team": "T08A7R1TRD3",
        "user_profile": {
            "avatar_hash": "gb21eaf874d1",
            "image_72": "https:\/\/secure.gravatar.com\/avatar\/b21eaf874d108fa64d7b20e975d80577.jpg?s=72&d=https%3A%2F%2Fa.slack-edge.com%2Fdf10d%2Fimg%2Favatars%2Fava_0024-72.png",
            "first_name": "Ulberto",
            "real_name": "Ulberto Fastmailerson",
            "display_name": "Ulberto Fastmailerson",
            "team": "T08A7R1TRD3",
            "name": "uhgall186",
            "is_restricted": false,
            "is_ultra_restricted": false
        },
        "blocks": [
            {
                "type": "rich_text",
                "block_id": "kngJH",
                "elements": [
                    {
                        "type": "rich_text_section",
                        "elements": [
                            {
                                "type": "text",
                                "text": "let's try some html tags: <strong>this is strong<\/strong> and some math: 5 > 3"
                            }
                        ]
                    }
                ]
            }
        ]
    }
]