[
    {
        "user": "U08A41Z1JFQ",
        "type": "message",
        "ts": "1738004600.624399",
        "client_msg_id": "f3d7bfde-bafd-41c4-b878-10b83569e358",
        "text": "Hello World!",
        "team": "T08A7R1TRD3",
        "user_team": "T08A7R1TRD3",
        "source_team": "T08A7R1TRD3",
        "user_profile": {
            "avatar_hash": "g05376c7186c",
            "image_72": "https:\/\/secure.gravatar.com\/avatar\/05376c7186c75360b7f3fb844b2b09b3.jpg?s=72&d=https%3A%2F%2Fa.slack-edge.com%2Fdf10d%2Fimg%2Favatars%2Fava_0019-72.png",
            "first_name": "uhgall",
            "real_name": "uhgall",
            "display_name": "",
            "team": "T08A7R1TRD3",
            "name": "uhgall",
            "is_restricted": false,
            "is_ultra_restricted": false
        },
        "blocks": [
            {
                "type": "rich_text",
                "block_id": "UTxsa",
                "elements": [
                    {
                        "type": "rich_text_section",
                        "elements": [
                            {
                                "type": "text",
                                "text": "Hello World!"
                            }
                        ]
                    }
                ]
            }
        ]
    },
    {
        "user": "U08A41Z1JFQ",
        "type": "message",
        "ts": "1738004674.697809",
        "client_msg_id": "9734fa68-6e0a-416d-816d-ad4c17fb5e56",
        "text": "<https:\/\/files.oaiusercontent.com\/file-Y3iv71xZfdeVQgXXG9S3nD?se=2025-01-27T19%3A09%3A22Z&amp;sp=r&amp;sv=2024-08-04&amp;sr=b&amp;rscc=max-age%3D604800%2C%20immutable%2C%20private&amp;rscd=attachment%3B%20filename%3D2158adea-da39-4e33-892e-cb3197bf363d.webp&amp;sig=i6aLXeMBV3NRBuGERct0\/0QHqJxcWlrqhibQeXhlZf0%3D>",
        "team": "T08A7R1TRD3",
        "user_team": "T08A7R1TRD3",
        "source_team": "T08A7R1TRD3",
        "user_profile": {
            "avatar_hash": "g05376c7186c",
            "image_72": "https:\/\/secure.gravatar.com\/avatar\/05376c7186c75360b7f3fb844b2b09b3.jpg?s=72&d=https%3A%2F%2Fa.slack-edge.com%2Fdf10d%2Fimg%2Favatars%2Fava_0019-72.png",
            "first_name": "uhgall",
            "real_name": "uhgall",
            "display_name": "",
            "team": "T08A7R1TRD3",
            "name": "uhgall",
            "is_restricted": false,
            "is_ultra_restricted": false
        },
        "thread_ts": "1738004674.697809",
        "reply_count": 2,
        "reply_users_count": 2,
        "latest_reply": "1738020131.490949",
        "reply_users": [
            "U08A41Z1JFQ",
            "U08APB9CD2M"
        ],
        "replies": [
            {
                "user": "U08A41Z1JFQ",
                "ts": "1738004696.120829"
            },
            {
                "user": "U08APB9CD2M",
                "ts": "1738020131.490949"
            }
        ],
        "is_locked": false,
        "subscribed": true,
        "last_read": "1738004696.120829",
        "attachments": [
            {
                "from_url": "https:\/\/files.oaiusercontent.com\/file-Y3iv71xZfdeVQgXXG9S3nD?se=2025-01-27T19%3A09%3A22Z&sp=r&sv=2024-08-04&sr=b&rscc=max-age%3D604800%2C%20immutable%2C%20private&rscd=attachment%3B%20filename%3D2158adea-da39-4e33-892e-cb3197bf363d.webp&sig=i6aLXeMBV3NRBuGERct0\/0QHqJxcWlrqhibQeXhlZf0%3D",
                "image_url": "https:\/\/files.oaiusercontent.com\/file-Y3iv71xZfdeVQgXXG9S3nD?se=2025-01-27T19%3A09%3A22Z&sp=r&sv=2024-08-04&sr=b&rscc=max-age%3D604800%2C%20immutable%2C%20private&rscd=attachment%3B%20filename%3D2158adea-da39-4e33-892e-cb3197bf363d.webp&sig=i6aLXeMBV3NRBuGERct0\/0QHqJxcWlrqhibQeXhlZf0%3D",
                "image_width": 1024,
                "image_height": 1024,
                "image_bytes": 473058,
                "id": 1,
                "original_url": "https:\/\/files.oaiusercontent.com\/file-Y3iv71xZfdeVQgXXG9S3nD?se=2025-01-27T19%3A09%3A22Z&amp;sp=r&amp;sv=2024-08-04&amp;sr=b&amp;rscc=max-age%3D604800%2C%20immutable%2C%20private&amp;rscd=attachment%3B%20filename%3D2158adea-da39-4e33-892e-cb3197bf363d.webp&amp;sig=i6aLXeMBV3NRBuGERct0\/0QHqJxcWlrqhibQeXhlZf0%3D",
                "fallback": "1024x1024px image"
            }
        ],
        "blocks": [
            {
                "type": "rich_text",
                "block_id": "pQf2A",
                "elements": [
                    {
                        "type": "rich_text_section",
                        "elements": [
                            {
                                "type": "link",
                                "url": "https:\/\/files.oaiusercontent.com\/file-Y3iv71xZfdeVQgXXG9S3nD?se=2025-01-27T19%3A09%3A22Z&sp=r&sv=2024-08-04&sr=b&rscc=max-age%3D604800%2C%20immutable%2C%20private&rscd=attachment%3B%20filename%3D2158adea-da39-4e33-892e-cb3197bf363d.webp&sig=i6aLXeMBV3NRBuGERct0\/0QHqJxcWlrqhibQeXhlZf0%3D"
                            }
                        ]
                    }
                ]
            }
        ]
    },
    {
        "user": "U08A41Z1JFQ",
        "type": "message",
        "ts": "1738004696.120829",
        "client_msg_id": "93870e54-01a5-477c-bf4c-2da2ec77c59a",
        "text": "This is an openai link",
        "team": "T08A7R1TRD3",
        "user_team": "T08A7R1TRD3",
        "source_team": "T08A7R1TRD3",
        "user_profile": {
            "avatar_hash": "g05376c7186c",
            "image_72": "https:\/\/secure.gravatar.com\/avatar\/05376c7186c75360b7f3fb844b2b09b3.jpg?s=72&d=https%3A%2F%2Fa.slack-edge.com%2Fdf10d%2Fimg%2Favatars%2Fava_0019-72.png",
            "first_name": "uhgall",
            "real_name": "uhgall",
            "display_name": "",
            "team": "T08A7R1TRD3",
            "name": "uhgall",
            "is_restricted": false,
            "is_ultra_restricted": false
        },
        "thread_ts": "1738004674.697809",
        "parent_user_id": "U08A41Z1JFQ",
        "blocks": [
            {
                "type": "rich_text",
                "block_id": "f\/wbY",
                "elements": [
                    {
                        "type": "rich_text_section",
                        "elements": [
                            {
                                "type": "text",
                                "text": "This is an openai link"
                            }
                        ]
                    }
                ]
            }
        ]
    },
    {
        "user": "U08A41Z1JFQ",
        "type": "message",
        "ts": "1738004708.820109",
        "client_msg_id": "2aa805ce-cf26-4c58-a6ef-6eb43fabd600",
        "text": "and now",
        "team": "T08A7R1TRD3",
        "user_team": "T08A7R1TRD3",
        "source_team": "T08A7R1TRD3",
        "user_profile": {
            "avatar_hash": "g05376c7186c",
            "image_72": "https:\/\/secure.gravatar.com\/avatar\/05376c7186c75360b7f3fb844b2b09b3.jpg?s=72&d=https%3A%2F%2Fa.slack-edge.com%2Fdf10d%2Fimg%2Favatars%2Fava_0019-72.png",
            "first_name": "uhgall",
            "real_name": "uhgall",
            "display_name": "",
            "team": "T08A7R1TRD3",
            "name": "uhgall",
            "is_restricted": false,
            "is_ultra_restricted": false
        },
        "blocks": [
            {
                "type": "rich_text",
                "block_id": "3wOHN",
                "elements": [
                    {
                        "type": "rich_text_section",
                        "elements": [
                            {
                                "type": "text",
                                "text": "and now"
                            }
                        ]
                    }
                ]
            }
        ]
    },
    {
        "user": "U08A41Z1JFQ",
        "type": "message",
        "ts": "1738004717.455139",
        "client_msg_id": "3f7d11a4-66f4-4721-8b38-7b851d9b1f68",
        "text": "i am going to just paste an image directly",
        "team": "T08A7R1TRD3",
        "user_team": "T08A7R1TRD3",
        "source_team": "T08A7R1TRD3",
        "user_profile": {
            "avatar_hash": "g05376c7186c",
            "image_72": "https:\/\/secure.gravatar.com\/avatar\/05376c7186c75360b7f3fb844b2b09b3.jpg?s=72&d=https%3A%2F%2Fa.slack-edge.com%2Fdf10d%2Fimg%2Favatars%2Fava_0019-72.png",
            "first_name": "uhgall",
            "real_name": "uhgall",
            "display_name": "",
            "team": "T08A7R1TRD3",
            "name": "uhgall",
            "is_restricted": false,
            "is_ultra_restricted": false
        },
        "blocks": [
            {
                "type": "rich_text",
                "block_id": "VbXdI",
                "elements": [
                    {
                        "type": "rich_text_section",
                        "elements": [
                            {
                                "type": "text",
                                "text": "i am going to just paste an image directly"
                            }
                        ]
                    }
                ]
            }
        ]
    },
    {
        "text": "this was pasted directly. Woohoo!",
        "files": [
            {
                "id": "F08AKHY27TN",
                "created": 1738004722,
                "timestamp": 1738004722,
                "name": "Slack_Liberator_Image_Request.png",
                "title": "Slack_Liberator_Image_Request.png",
                "mimetype": "image\/png",
                "filetype": "png",
                "pretty_type": "PNG",
                "user": "U08A41Z1JFQ",
                "user_team": "T08A7R1TRD3",
                "editable": false,
                "size": 372426,
                "mode": "hosted",
                "is_external": false,
                "external_type": "",
                "is_public": true,
                "public_url_shared": false,
                "display_as_bot": false,
                "username": "",
                "url_private": "https:\/\/files.slack.com\/files-pri\/T08A7R1TRD3-F08AKHY27TN\/slack_liberator_image_request.png?t=xoxe-8347851943445-8378160031443-8375416777589-251ccd99acf5856016b03a1571b7c56e",
                "url_private_download": "https:\/\/files.slack.com\/files-pri\/T08A7R1TRD3-F08AKHY27TN\/download\/slack_liberator_image_request.png?t=xoxe-8347851943445-8378160031443-8375416777589-251ccd99acf5856016b03a1571b7c56e",
                "media_display_type": "unknown",
                "thumb_64": "https:\/\/files.slack.com\/files-tmb\/T08A7R1TRD3-F08AKHY27TN-ce04b71ad8\/slack_liberator_image_request_64.png?t=xoxe-8347851943445-8378160031443-8375416777589-251ccd99acf5856016b03a1571b7c56e",
                "thumb_80": "https:\/\/files.slack.com\/files-tmb\/T08A7R1TRD3-F08AKHY27TN-ce04b71ad8\/slack_liberator_image_request_80.png?t=xoxe-8347851943445-8378160031443-8375416777589-251ccd99acf5856016b03a1571b7c56e",
                "thumb_360": "https:\/\/files.slack.com\/files-tmb\/T08A7R1TRD3-F08AKHY27TN-ce04b71ad8\/slack_liberator_image_request_360.png?t=xoxe-8347851943445-8378160031443-8375416777589-251ccd99acf5856016b03a1571b7c56e",
                "thumb_360_w": 360,
                "thumb_360_h": 223,
                "thumb_480": "https:\/\/files.slack.com\/files-tmb\/T08A7R1TRD3-F08AKHY27TN-ce04b71ad8\/slack_liberator_image_request_480.png?t=xoxe-8347851943445-8378160031443-8375416777589-251ccd99acf5856016b03a1571b7c56e",
                "thumb_480_w": 480,
                "thumb_480_h": 298,
                "thumb_160": "https:\/\/files.slack.com\/files-tmb\/T08A7R1TRD3-F08AKHY27TN-ce04b71ad8\/slack_liberator_image_request_160.png?t=xoxe-8347851943445-8378160031443-8375416777589-251ccd99acf5856016b03a1571b7c56e",
                "thumb_720": "https:\/\/files.slack.com\/files-tmb\/T08A7R1TRD3-F08AKHY27TN-ce04b71ad8\/slack_liberator_image_request_720.png?t=xoxe-8347851943445-8378160031443-8375416777589-251ccd99acf5856016b03a1571b7c56e",
                "thumb_720_w": 720,
                "thumb_720_h": 447,
                "original_w": 783,
                "original_h": 486,
                "thumb_tiny": "AwAdADBsnnNcy4d8bscE8UnztkCVsqeRuNSPkPOwJGC3Sq0atsLpkMpyT7VDL8iTMgH+sfP+9WjaEm2Qlixx1NZxkOMMvJ5rRs+LWP6VZLuTUUUUCMxzieUllADHvRGMCIh1+ZcEZ9OlXmjUsSVUn6UeUv8AdX8qnl1KbuZzRjccEf8AfQrQtOLWP6UvlL\/dX8qcBgYBwBVkj6KQD3NAGO5pAf\/Z",
                "permalink": "https:\/\/slack-liberator-demo.slack.com\/files\/U08A41Z1JFQ\/F08AKHY27TN\/slack_liberator_image_request.png",
                "permalink_public": "https:\/\/slack-files.com\/T08A7R1TRD3-F08AKHY27TN-e83a510285",
                "is_starred": false,
                "has_rich_preview": false,
                "file_access": "visible"
            }
        ],
        "upload": false,
        "user": "U08A41Z1JFQ",
        "display_as_bot": false,
        "blocks": [
            {
                "type": "rich_text",
                "block_id": "TWNsW",
                "elements": [
                    {
                        "type": "rich_text_section",
                        "elements": [
                            {
                                "type": "text",
                                "text": "this was pasted directly. Woohoo!"
                            }
                        ]
                    }
                ]
            }
        ],
        "type": "message",
        "ts": "1738004736.649069",
        "client_msg_id": "1ce8ebb9-6ad7-4d95-b909-9d61e71657e9"
    },
    {
        "user": "U08A41Z1JFQ",
        "type": "message",
        "ts": "1738004754.054909",
        "client_msg_id": "319f2381-515e-447f-a23c-000a16509fe8",
        "text": "the previous message shoul have contained an image and \"Woohoo!\" in the bext.",
        "team": "T08A7R1TRD3",
        "user_team": "T08A7R1TRD3",
        "source_team": "T08A7R1TRD3",
        "user_profile": {
            "avatar_hash": "g05376c7186c",
            "image_72": "https:\/\/secure.gravatar.com\/avatar\/05376c7186c75360b7f3fb844b2b09b3.jpg?s=72&d=https%3A%2F%2Fa.slack-edge.com%2Fdf10d%2Fimg%2Favatars%2Fava_0019-72.png",
            "first_name": "uhgall",
            "real_name": "uhgall",
            "display_name": "",
            "team": "T08A7R1TRD3",
            "name": "uhgall",
            "is_restricted": false,
            "is_ultra_restricted": false
        },
        "blocks": [
            {
                "type": "rich_text",
                "block_id": "4SiAW",
                "elements": [
                    {
                        "type": "rich_text_section",
                        "elements": [
                            {
                                "type": "text",
                                "text": "the previous message shoul have contained an image and \"Woohoo!\" in the bext."
                            }
                        ]
                    }
                ]
            }
        ]
    },
    {
        "subtype": "channel_join",
        "user": "U08APB9CD2M",
        "text": "<@U08APB9CD2M> has joined the channel",
        "type": "message",
        "ts": "1738020083.402139"
    },
    {
        "user": "U08APB9CD2M",
        "type": "message",
        "ts": "1738020111.279089",
        "client_msg_id": "0458f70c-8e25-4120-92cc-2ebaf66ed31c",
        "text": "Hi there",
        "team": "T08A7R1TRD3",
        "user_team": "T08A7R1TRD3",
        "source_team": "T08A7R1TRD3",
        "user_profile": {
            "avatar_hash": "gb21eaf874d1",
            "image_72": "https:\/\/secure.gravatar.com\/avatar\/b21eaf874d108fa64d7b20e975d80577.jpg?s=72&d=https%3A%2F%2Fa.slack-edge.com%2Fdf10d%2Fimg%2Favatars%2Fava_0024-72.png",
            "first_name": "Ulberto",
            "real_name": "Ulberto Fastmailerson",
            "display_name": "Ulberto Fastmailerson",
            "team": "T08A7R1TRD3",
            "name": "uhgall186",
            "is_restricted": false,
            "is_ultra_restricted": false
        },
        "blocks": [
            {
                "type": "rich_text",
                "block_id": "wPVR7",
                "elements": [
                    {
                        "type": "rich_text_section",
                        "elements": [
                            {
                                "type": "text",
                                "text": "Hi there"
                            }
                        ]
                    }
                ]
            }
        ]
    },
    {
        "user": "U08APB9CD2M",
        "type": "message",
        "ts": "1738020116.586189",
        "client_msg_id": "8b9236aa-24ed-4b30-bf3d-2553ef27ba2e",
        "text": "I like the logo",
        "team": "T08A7R1TRD3",
        "user_team": "T08A7R1TRD3",
        "source_team": "T08A7R1TRD3",
        "user_profile": {
            "avatar_hash": "gb21eaf874d1",
            "image_72": "https:\/\/secure.gravatar.com\/avatar\/b21eaf874d108fa64d7b20e975d80577.jpg?s=72&d=https%3A%2F%2Fa.slack-edge.com%2Fdf10d%2Fimg%2Favatars%2Fava_0024-72.png",
            "first_name": "Ulberto",
            "real_name": "Ulberto Fastmailerson",
            "display_name": "Ulberto Fastmailerson",
            "team": "T08A7R1TRD3",
            "name": "uhgall186",
            "is_restricted": false,
            "is_ultra_restricted": false
        },
        "blocks": [
            {
                "type": "rich_text",
                "block_id": "9krk4",
                "elements": [
                    {
                        "type": "rich_text_section",
                        "elements": [
                            {
                                "type": "text",
                                "text": "I like the logo"
                            }
                        ]
                    }
                ]
            }
        ]
    },
    {
        "user": "U08APB9CD2M",
        "type": "message",
        "ts": "1738020131.490949",
        "client_msg_id": "9a616db2-a610-4cd2-b037-d1df7e57b367",
        "text": "yeah well that doesn't work, needs auth",
        "team": "T08A7R1TRD3",
        "user_team": "T08A7R1TRD3",
        "source_team": "T08A7R1TRD3",
        "user_profile": {
            "avatar_hash": "gb21eaf874d1",
            "image_72": "https:\/\/secure.gravatar.com\/avatar\/b21eaf874d108fa64d7b20e975d80577.jpg?s=72&d=https%3A%2F%2Fa.slack-edge.com%2Fdf10d%2Fimg%2Favatars%2Fava_0024-72.png",
            "first_name": "Ulberto",
            "real_name": "Ulberto Fastmailerson",
            "display_name": "Ulberto Fastmailerson",
            "team": "T08A7R1TRD3",
            "name": "uhgall186",
            "is_restricted": false,
            "is_ultra_restricted": false
        },
        "thread_ts": "1738004674.697809",
        "parent_user_id": "U08A41Z1JFQ",
        "blocks": [
            {
                "type": "rich_text",
                "block_id": "Jfsur",
                "elements": [
                    {
                        "type": "rich_text_section",
                        "elements": [
                            {
                                "type": "text",
                                "text": "yeah well that doesn't work, needs auth"
                            }
                        ]
                    }
                ]
            }
        ]
    }
]