[
{"id":"F08AD6602A0","created":1737860511,"name":"Untitled","title":"Untitled","mimetype":"application\/vnd.slack-docs","filetype":"quip","pretty_type":"Canvas","user":"USLACKBOT","editable":true,"size":0,"mode":"quip","is_public":true,"is_tombstoned":false,"public_url_shared":false,"date_delete":0,"url_private_download":"https:\/\/files.slack.com\/files-pri\/T08A7R1TRD3-F08AD6602A0\/download\/canvas?t=xoxe-8347851943445-8378160031443-8375416777589-251ccd99acf5856016b03a1571b7c56e","shares":[{"team":"T08A7R1TRD3","channel":"C08A7R2JZ61"}],"permalink":"https:\/\/slack-liberator-demo.slack.com\/canvas\/C08A7R2JZ61","export_timestamp":1738290958},
{"id":"F08AAL0C7S6","created":1737860481,"name":"Company_Handbook","title":"Company Handbook","mimetype":"application\/vnd.slack-docs","filetype":"quip","pretty_type":"Canvas","user":"USLACKBOT","editable":true,"size":1396,"mode":"quip","is_public":true,"is_tombstoned":false,"public_url_shared":false,"date_delete":0,"url_private_download":"https:\/\/files.slack.com\/files-pri\/T08A7R1TRD3-F08AAL0C7S6\/download\/canvas?t=xoxe-8347851943445-8378160031443-8375416777589-251ccd99acf5856016b03a1571b7c56e","shares":[{"team":"T08A7R1TRD3","channel":"C089W4H5ZBR"}],"permalink":"https:\/\/slack-liberator-demo.slack.com\/canvas\/C089W4H5ZBR","export_timestamp":1738290959},
{"id":"F089W4H6T0F","created":1737860480,"name":"____________","title":":tada::heartpulse::stuck_out_tongue_winking_eye:","mimetype":"application\/vnd.slack-docs","filetype":"quip","pretty_type":"Canvas","user":"USLACKBOT","editable":true,"size":1667,"mode":"quip","is_public":true,"is_tombstoned":false,"public_url_shared":false,"date_delete":0,"url_private_download":"https:\/\/files.slack.com\/files-pri\/T08A7R1TRD3-F089W4H6T0F\/download\/canvas?t=xoxe-8347851943445-8378160031443-8375416777589-251ccd99acf5856016b03a1571b7c56e","shares":[{"team":"T08A7R1TRD3","channel":"C08AAHJKMNX"}],"permalink":"https:\/\/slack-liberator-demo.slack.com\/canvas\/C08AAHJKMNX","export_timestamp":1738290959}
]