[
{
    "id": "C089W4H5ZBR",
    "name": "all-slack-liberator-demo",
    "created": 1737860478,
    "creator": "U08A41Z1JFQ",
    "is_archived": false,
    "is_general": true,
    "members": [
        "U08A41Z1JFQ",
        "U08APB9CD2M"
    ],
    "topic": {
        "value": "",
        "creator": "",
        "last_set": 0
    },
    "purpose": {
        "value": "Share announcements and updates about company news, upcoming events, or teammates who deserve some kudos. ⭐",
        "creator": "U08A41Z1JFQ",
        "last_set": 1737860478
    }
},
{
    "id": "C08A7R2JZ61",
    "name": "a-slack-download-tool",
    "created": 1737860510,
    "creator": "U08A41Z1JFQ",
    "is_archived": false,
    "is_general": false,
    "members": [
        "U08A41Z1JFQ",
        "U08APB9CD2M"
    ],
    "topic": {
        "value": "",
        "creator": "",
        "last_set": 0
    },
    "purpose": {
        "value": "This channel is for everything #a-slack-download-tool. Hold meetings, share docs, and make decisions together with your team.",
        "creator": "U08A41Z1JFQ",
        "last_set": 1737860510
    }
},
{
    "id": "C08AAHJKMNX",
    "name": "social",
    "created": 1737860478,
    "creator": "U08A41Z1JFQ",
    "is_archived": false,
    "is_general": false,
    "members": [
        "U08A41Z1JFQ",
        "U08APB9CD2M"
    ],
    "topic": {
        "value": "",
        "creator": "",
        "last_set": 0
    },
    "purpose": {
        "value": "Other channels are for work. This one’s just for fun. Get to know your teammates and show your lighter side. 🎈",
        "creator": "U08A41Z1JFQ",
        "last_set": 1737860478
    }
}
]