[
{"id":"U08A41Z1JFQ","team_id":"T08A7R1TRD3","name":"uhgall","deleted":false,"color":"db3150","real_name":"uhgall","tz":"America\/Los_Angeles","tz_label":"Pacific Standard Time","tz_offset":-28800,"profile":{"title":"","phone":"","skype":"","real_name":"uhgall","real_name_normalized":"uhgall","display_name":"","display_name_normalized":"","fields":{},"status_text":"","status_emoji":"","status_emoji_display_info":[],"status_expiration":0,"avatar_hash":"g05376c7186c","email":"uhgall@gmail.com","first_name":"uhgall","last_name":"","image_24":"https:\/\/secure.gravatar.com\/avatar\/05376c7186c75360b7f3fb844b2b09b3.jpg?s=24&d=https%3A%2F%2Fa.slack-edge.com%2Fdf10d%2Fimg%2Favatars%2Fava_0019-24.png","image_32":"https:\/\/secure.gravatar.com\/avatar\/05376c7186c75360b7f3fb844b2b09b3.jpg?s=32&d=https%3A%2F%2Fa.slack-edge.com%2Fdf10d%2Fimg%2Favatars%2Fava_0019-32.png","image_48":"https:\/\/secure.gravatar.com\/avatar\/05376c7186c75360b7f3fb844b2b09b3.jpg?s=48&d=https%3A%2F%2Fa.slack-edge.com%2Fdf10d%2Fimg%2Favatars%2Fava_0019-48.png","image_72":"https:\/\/secure.gravatar.com\/avatar\/05376c7186c75360b7f3fb844b2b09b3.jpg?s=72&d=https%3A%2F%2Fa.slack-edge.com%2Fdf10d%2Fimg%2Favatars%2Fava_0019-72.png","image_192":"https:\/\/secure.gravatar.com\/avatar\/05376c7186c75360b7f3fb844b2b09b3.jpg?s=192&d=https%3A%2F%2Fa.slack-edge.com%2Fdf10d%2Fimg%2Favatars%2Fava_0019-192.png","image_512":"https:\/\/secure.gravatar.com\/avatar\/05376c7186c75360b7f3fb844b2b09b3.jpg?s=512&d=https%3A%2F%2Fa.slack-edge.com%2Fdf10d%2Fimg%2Favatars%2Fava_0019-512.png","status_text_canonical":"","team":"T08A7R1TRD3"},"is_admin":true,"is_owner":true,"is_primary_owner":true,"is_restricted":false,"is_ultra_restricted":false,"is_bot":false,"is_app_user":false,"updated":1737860489,"is_email_confirmed":true,"who_can_share_contact_card":"EVERYONE"},
{"id":"U08APB9CD2M","team_id":"T08A7R1TRD3","name":"uhgall186","deleted":false,"color":"3c989f","real_name":"Ulberto Fastmailerson","tz":"America\/Los_Angeles","tz_label":"Pacific Standard Time","tz_offset":-28800,"profile":{"title":"","phone":"","skype":"","real_name":"Ulberto Fastmailerson","real_name_normalized":"Ulberto Fastmailerson","display_name":"Ulberto Fastmailerson","display_name_normalized":"Ulberto Fastmailerson","fields":{},"status_text":"","status_emoji":"","status_emoji_display_info":[],"status_expiration":0,"avatar_hash":"gb21eaf874d1","email":"uhgall@ml1.net","first_name":"Ulberto","last_name":"Fastmailerson","image_24":"https:\/\/secure.gravatar.com\/avatar\/b21eaf874d108fa64d7b20e975d80577.jpg?s=24&d=https%3A%2F%2Fa.slack-edge.com%2Fdf10d%2Fimg%2Favatars%2Fava_0024-24.png","image_32":"https:\/\/secure.gravatar.com\/avatar\/b21eaf874d108fa64d7b20e975d80577.jpg?s=32&d=https%3A%2F%2Fa.slack-edge.com%2Fdf10d%2Fimg%2Favatars%2Fava_0024-32.png","image_48":"https:\/\/secure.gravatar.com\/avatar\/b21eaf874d108fa64d7b20e975d80577.jpg?s=48&d=https%3A%2F%2Fa.slack-edge.com%2Fdf10d%2Fimg%2Favatars%2Fava_0024-48.png","image_72":"https:\/\/secure.gravatar.com\/avatar\/b21eaf874d108fa64d7b20e975d80577.jpg?s=72&d=https%3A%2F%2Fa.slack-edge.com%2Fdf10d%2Fimg%2Favatars%2Fava_0024-72.png","image_192":"https:\/\/secure.gravatar.com\/avatar\/b21eaf874d108fa64d7b20e975d80577.jpg?s=192&d=https%3A%2F%2Fa.slack-edge.com%2Fdf10d%2Fimg%2Favatars%2Fava_0024-192.png","image_512":"https:\/\/secure.gravatar.com\/avatar\/b21eaf874d108fa64d7b20e975d80577.jpg?s=512&d=https%3A%2F%2Fa.slack-edge.com%2Fdf10d%2Fimg%2Favatars%2Fava_0024-512.png","status_text_canonical":"","team":"T08A7R1TRD3"},"is_admin":false,"is_owner":false,"is_primary_owner":false,"is_restricted":false,"is_ultra_restricted":false,"is_bot":false,"is_app_user":false,"updated":1738020082,"is_email_confirmed":true,"who_can_share_contact_card":"EVERYONE"}
]